;;;;;;;;;;;;x,,,,,,,,,,,,,
gtfo_on_title;Enable 'Release Vassal' decisions;;;;;;;;;;;;x,,
gtfo_on_desc;The Release Vassal decisions allow you to release vassals, and are otherwise kept hidden from view to avoid having them clutter up your decision list.;;;;;;;;;;;;x
gtfo_off_title;Disable 'Release Vassal' decisions;;;;;;;;;;;;x,,
gtfo_off_desc;Your decision list will now be uncluttered!;;;;;;;;;;;;x,,
gtfo_disabled_title;Deactivate 'Release Vassal' decisions;;;;;;;;;;;;x,,
gtfo_disabled_desc;The 'Release Vassal' decisions will disappear from this game session and won't reappear again. You won't be able to use these decisions again for this game.;;;;;;;;;;;;x,,
gtfo_AAC_title;Grant Aachen Independence;;;;;;;;;;;;x,,
gtfo_AAC_desc;We've had a good run, but it's time to end our rulership of Aachen: if you love something, let it go!;;;;;;;;;;;;x
gtfo_ABE_title;Grant Abenaki Independence;;;;;;;;;;;;x,,
gtfo_ABE_desc;We've had a good run, but it's time to end our rulership of Abenaki: if you love something, let it go!;;;;;;;;;;;;x
gtfo_ADE_title;Grant Aden Independence;;;;;;;;;;;;x,,
gtfo_ADE_desc;We've had a good run, but it's time to end our rulership of Aden: if you love something, let it go!;;;;;;;;;;;;x
gtfo_AFG_title;Grant Afghanistan Independence;;;;;;;;;;;;x,,
gtfo_AFG_desc;We've had a good run, but it's time to end our rulership of Afghanistan: if you love something, let it go!;;;;;;;;;;;;x
gtfo_AIN_title;Grant Ainu Independence;;;;;;;;;;;;x,,
gtfo_AIN_desc;We've had a good run, but it's time to end our rulership of Ainu: if you love something, let it go!;;;;;;;;;;;;x
gtfo_ALB_title;Grant Albania Independence;;;;;;;;;;;;x,,
gtfo_ALB_desc;We've had a good run, but it's time to end our rulership of Albania: if you love something, let it go!;;;;;;;;;;;;x
gtfo_ALD_title;Grant Algiers Independence;;;;;;;;;;;;x,,
gtfo_ALD_desc;We've had a good run, but it's time to end our rulership of Algiers: if you love something, let it go!;;;;;;;;;;;;x
gtfo_ALH_title;Grant Haasa Independence;;;;;;;;;;;;x,,
gtfo_ALH_desc;We've had a good run, but it's time to end our rulership of Haasa: if you love something, let it go!;;;;;;;;;;;;x
gtfo_ALM_title;Grant Altamaha Independence;;;;;;;;;;;;x,,
gtfo_ALM_desc;We've had a good run, but it's time to end our rulership of Altamaha: if you love something, let it go!;;;;;;;;;;;;x
gtfo_AND_title;Grant Andhra Independence;;;;;;;;;;;;x,,
gtfo_AND_desc;We've had a good run, but it's time to end our rulership of Andhra: if you love something, let it go!;;;;;;;;;;;;x
gtfo_ANH_title;Grant Anhalt Independence;;;;;;;;;;;;x,,
gtfo_ANH_desc;We've had a good run, but it's time to end our rulership of Anhalt: if you love something, let it go!;;;;;;;;;;;;x
gtfo_APA_title;Grant Apache Independence;;;;;;;;;;;;x,,
gtfo_APA_desc;We've had a good run, but it's time to end our rulership of Apache: if you love something, let it go!;;;;;;;;;;;;x
gtfo_ARG_title;Grant La Plata Independence;;;;;;;;;;;;x,,
gtfo_ARG_desc;We've had a good run, but it's time to end our rulership of La Plata: if you love something, let it go!;;;;;;;;;;;;x
gtfo_ARK_title;Grant Arakan Independence;;;;;;;;;;;;x,,
gtfo_ARK_desc;We've had a good run, but it's time to end our rulership of Arakan: if you love something, let it go!;;;;;;;;;;;;x
gtfo_ARL_title;Grant Ardabil Independence;;;;;;;;;;;;x,,
gtfo_ARL_desc;We've had a good run, but it's time to end our rulership of Ardabil: if you love something, let it go!;;;;;;;;;;;;x
gtfo_ARM_title;Grant Armenia Independence;;;;;;;;;;;;x,,
gtfo_ARM_desc;We've had a good run, but it's time to end our rulership of Armenia: if you love something, let it go!;;;;;;;;;;;;x
gtfo_ARN_title;Grant Aragon Independence;;;;;;;;;;;;x,,
gtfo_ARN_desc;We've had a good run, but it's time to end our rulership of Aragon: if you love something, let it go!;;;;;;;;;;;;x
gtfo_ARP_title;Grant Arapaho Independence;;;;;;;;;;;;x,,
gtfo_ARP_desc;We've had a good run, but it's time to end our rulership of Arapaho: if you love something, let it go!;;;;;;;;;;;;x
gtfo_ARW_title;Grant Arawak Independence;;;;;;;;;;;;x,,
gtfo_ARW_desc;We've had a good run, but it's time to end our rulership of Arawak: if you love something, let it go!;;;;;;;;;;;;x
gtfo_ASH_title;Grant Ashanti Independence;;;;;;;;;;;;x,,
gtfo_ASH_desc;We've had a good run, but it's time to end our rulership of Ashanti: if you love something, let it go!;;;;;;;;;;;;x
gtfo_ASM_title;Grant Assam Independence;;;;;;;;;;;;x,,
gtfo_ASM_desc;We've had a good run, but it's time to end our rulership of Assam: if you love something, let it go!;;;;;;;;;;;;x
gtfo_AST_title;Grant Australia Independence;;;;;;;;;;;;x,,
gtfo_AST_desc;We've had a good run, but it's time to end our rulership of Australia: if you love something, let it go!;;;;;;;;;;;;x
gtfo_ATJ_title;Grant Aceh Independence;;;;;;;;;;;;x,,
gtfo_ATJ_desc;We've had a good run, but it's time to end our rulership of Aceh: if you love something, let it go!;;;;;;;;;;;;x
gtfo_AUA_title;Grant Awngthim Independence;;;;;;;;;;;;x,,
gtfo_AUA_desc;We've had a good run, but it's time to end our rulership of Awngthim: if you love something, let it go!;;;;;;;;;;;;x
gtfo_AUE_title;Grant Eora Independence;;;;;;;;;;;;x,,
gtfo_AUE_desc;We've had a good run, but it's time to end our rulership of Eora: if you love something, let it go!;;;;;;;;;;;;x
gtfo_AUI_title;Grant Kamilaroi Independence;;;;;;;;;;;;x,,
gtfo_AUI_desc;We've had a good run, but it's time to end our rulership of Kamilaroi: if you love something, let it go!;;;;;;;;;;;;x
gtfo_AUL_title;Grant Larrakia Independence;;;;;;;;;;;;x,,
gtfo_AUL_desc;We've had a good run, but it's time to end our rulership of Larrakia: if you love something, let it go!;;;;;;;;;;;;x
gtfo_AUO_title;Grant Nyoongah Independence;;;;;;;;;;;;x,,
gtfo_AUO_desc;We've had a good run, but it's time to end our rulership of Nyoongah: if you love something, let it go!;;;;;;;;;;;;x
gtfo_AUP_title;Grant Palawa Independence;;;;;;;;;;;;x,,
gtfo_AUP_desc;We've had a good run, but it's time to end our rulership of Palawa: if you love something, let it go!;;;;;;;;;;;;x
gtfo_AUS_title;Grant Austria Independence;;;;;;;;;;;;x,,
gtfo_AUS_desc;We've had a good run, but it's time to end our rulership of Austria: if you love something, let it go!;;;;;;;;;;;;x
gtfo_AUW_title;Grant Wurundjeri Independence;;;;;;;;;;;;x,,
gtfo_AUW_desc;We've had a good run, but it's time to end our rulership of Wurundjeri: if you love something, let it go!;;;;;;;;;;;;x
gtfo_AVA_title;Grant Ava Independence;;;;;;;;;;;;x,,
gtfo_AVA_desc;We've had a good run, but it's time to end our rulership of Ava: if you love something, let it go!;;;;;;;;;;;;x
gtfo_AVI_title;Grant Avignon Independence;;;;;;;;;;;;x,,
gtfo_AVI_desc;We've had a good run, but it's time to end our rulership of Avignon: if you love something, let it go!;;;;;;;;;;;;x
gtfo_AWS_title;Grant Aussa Independence;;;;;;;;;;;;x,,
gtfo_AWS_desc;We've had a good run, but it's time to end our rulership of Aussa: if you love something, let it go!;;;;;;;;;;;;x
gtfo_AYR_title;Grant Air Independence;;;;;;;;;;;;x,,
gtfo_AYR_desc;We've had a good run, but it's time to end our rulership of Air: if you love something, let it go!;;;;;;;;;;;;x
gtfo_AYU_title;Grant Hisn Kayfa Independence;;;;;;;;;;;;x,,
gtfo_AYU_desc;We've had a good run, but it's time to end our rulership of Hisn Kayfa: if you love something, let it go!;;;;;;;;;;;;x
gtfo_AZT_title;Grant Aztec Independence;;;;;;;;;;;;x,,
gtfo_AZT_desc;We've had a good run, but it's time to end our rulership of Aztec: if you love something, let it go!;;;;;;;;;;;;x
gtfo_BLA_title;Grant Blackfoot Independence;;;;;;;;;;;;x,,
gtfo_BLA_desc;We've had a good run, but it's time to end our rulership of Blackfoot: if you love something, let it go!;;;;;;;;;;;;x
gtfo_BLC_title;Grant Baluchistan Independence;;;;;;;;;;;;x,,
gtfo_BLC_desc;We've had a good run, but it's time to end our rulership of Baluchistan: if you love something, let it go!;;;;;;;;;;;;x
gtfo_BLM_title;Grant Blambangan Independence;;;;;;;;;;;;x,,
gtfo_BLM_desc;We've had a good run, but it's time to end our rulership of Blambangan: if you love something, let it go!;;;;;;;;;;;;x
gtfo_BMN_title;Grant Bahmanis Independence;;;;;;;;;;;;x,,
gtfo_BMN_desc;We've had a good run, but it's time to end our rulership of Bahmanis: if you love something, let it go!;;;;;;;;;;;;x
gtfo_BNG_title;Grant Bengal Independence;;;;;;;;;;;;x,,
gtfo_BNG_desc;We've had a good run, but it's time to end our rulership of Bengal: if you love something, let it go!;;;;;;;;;;;;x
gtfo_BNJ_title;Grant Banjar Independence;;;;;;;;;;;;x,,
gtfo_BNJ_desc;We've had a good run, but it's time to end our rulership of Banjar: if you love something, let it go!;;;;;;;;;;;;x
gtfo_BNY_title;Grant Bunyoro Independence;;;;;;;;;;;;x,,
gtfo_BNY_desc;We've had a good run, but it's time to end our rulership of Bunyoro: if you love something, let it go!;;;;;;;;;;;;x
gtfo_BOH_title;Grant Bohemia Independence;;;;;;;;;;;;x,,
gtfo_BOH_desc;We've had a good run, but it's time to end our rulership of Bohemia: if you love something, let it go!;;;;;;;;;;;;x
gtfo_BOS_title;Grant Bosnia Independence;;;;;;;;;;;;x,,
gtfo_BOS_desc;We've had a good run, but it's time to end our rulership of Bosnia: if you love something, let it go!;;;;;;;;;;;;x
gtfo_BPR_title;Grant Prome Independence;;;;;;;;;;;;x,,
gtfo_BPR_desc;We've had a good run, but it's time to end our rulership of Prome: if you love something, let it go!;;;;;;;;;;;;x
gtfo_BRA_title;Grant Brunswick Independence;;;;;;;;;;;;x,,
gtfo_BRA_desc;We've had a good run, but it's time to end our rulership of Brunswick: if you love something, let it go!;;;;;;;;;;;;x
gtfo_BRG_title;Grant Burgundy Independence;;;;;;;;;;;;x,,
gtfo_BRG_desc;We've had a good run, but it's time to end our rulership of Burgundy: if you love something, let it go!;;;;;;;;;;;;x
gtfo_BRN_title;Grant Brandenburg Independence;;;;;;;;;;;;x,,
gtfo_BRN_desc;We've had a good run, but it's time to end our rulership of Brandenburg: if you love something, let it go!;;;;;;;;;;;;x
gtfo_BRR_title;Grant Berar Independence;;;;;;;;;;;;x,,
gtfo_BRR_desc;We've had a good run, but it's time to end our rulership of Berar: if you love something, let it go!;;;;;;;;;;;;x
gtfo_BRS_title;Grant Barus Independence;;;;;;;;;;;;x,,
gtfo_BRS_desc;We've had a good run, but it's time to end our rulership of Barus: if you love something, let it go!;;;;;;;;;;;;x
gtfo_BRT_title;Grant Brittany Independence;;;;;;;;;;;;x,,
gtfo_BRT_desc;We've had a good run, but it's time to end our rulership of Brittany: if you love something, let it go!;;;;;;;;;;;;x
gtfo_BRZ_title;Grant Brazil Independence;;;;;;;;;;;;x,,
gtfo_BRZ_desc;We've had a good run, but it's time to end our rulership of Brazil: if you love something, let it go!;;;;;;;;;;;;x
gtfo_BUG_title;Grant Buganda Independence;;;;;;;;;;;;x,,
gtfo_BUG_desc;We've had a good run, but it's time to end our rulership of Buganda: if you love something, let it go!;;;;;;;;;;;;x
gtfo_BUN_title;Grant Bundelkhand Independence;;;;;;;;;;;;x,,
gtfo_BUN_desc;We've had a good run, but it's time to end our rulership of Bundelkhand: if you love something, let it go!;;;;;;;;;;;;x
gtfo_BUR_title;Grant Taungu Independence;;;;;;;;;;;;x,,
gtfo_BUR_desc;We've had a good run, but it's time to end our rulership of Taungu: if you love something, let it go!;;;;;;;;;;;;x
gtfo_CAB_title;Grant Carib Independence;;;;;;;;;;;;x,,
gtfo_CAB_desc;We've had a good run, but it's time to end our rulership of Carib: if you love something, let it go!;;;;;;;;;;;;x
gtfo_CAD_title;Grant Caddo Independence;;;;;;;;;;;;x,,
gtfo_CAD_desc;We've had a good run, but it's time to end our rulership of Caddo: if you love something, let it go!;;;;;;;;;;;;x
gtfo_CAL_title;Grant California Independence;;;;;;;;;;;;x,,
gtfo_CAL_desc;We've had a good run, but it's time to end our rulership of California: if you love something, let it go!;;;;;;;;;;;;x
gtfo_CAM_title;Grant Khmer Independence;;;;;;;;;;;;x,,
gtfo_CAM_desc;We've had a good run, but it's time to end our rulership of Khmer: if you love something, let it go!;;;;;;;;;;;;x
gtfo_CAN_title;Grant Canada Independence;;;;;;;;;;;;x,,
gtfo_CAN_desc;We've had a good run, but it's time to end our rulership of Canada: if you love something, let it go!;;;;;;;;;;;;x
gtfo_CCM_title;Grant Chichimeca Independence;;;;;;;;;;;;x,,
gtfo_CCM_desc;We've had a good run, but it's time to end our rulership of Chichimeca: if you love something, let it go!;;;;;;;;;;;;x
gtfo_CCQ_title;Grant Calchaqui Independence;;;;;;;;;;;;x,,
gtfo_CCQ_desc;We've had a good run, but it's time to end our rulership of Calchaqui: if you love something, let it go!;;;;;;;;;;;;x
gtfo_CCW_title;Grant Choctaw Independence;;;;;;;;;;;;x,,
gtfo_CCW_desc;We've had a good run, but it's time to end our rulership of Choctaw: if you love something, let it go!;;;;;;;;;;;;x
gtfo_CDL_title;Grant Dali Independence;;;;;;;;;;;;x,,
gtfo_CDL_desc;We've had a good run, but it's time to end our rulership of Dali: if you love something, let it go!;;;;;;;;;;;;x
gtfo_CDR_title;Grant Chanda Independence;;;;;;;;;;;;x,,
gtfo_CDR_desc;We've had a good run, but it's time to end our rulership of Chanda: if you love something, let it go!;;;;;;;;;;;;x
gtfo_CEB_title;Grant Cebu Independence;;;;;;;;;;;;x,,
gtfo_CEB_desc;We've had a good run, but it's time to end our rulership of Cebu: if you love something, let it go!;;;;;;;;;;;;x
gtfo_CGS_title;Grant Changsheng Independence;;;;;;;;;;;;x,,
gtfo_CGS_desc;We've had a good run, but it's time to end our rulership of Changsheng: if you love something, let it go!;;;;;;;;;;;;x
gtfo_CHA_title;Grant Champa Independence;;;;;;;;;;;;x,,
gtfo_CHA_desc;We've had a good run, but it's time to end our rulership of Champa: if you love something, let it go!;;;;;;;;;;;;x
gtfo_CHC_title;Grant Chu Independence;;;;;;;;;;;;x,,
gtfo_CHC_desc;We've had a good run, but it's time to end our rulership of Chu: if you love something, let it go!;;;;;;;;;;;;x
gtfo_CHG_title;Grant Chagatai Independence;;;;;;;;;;;;x,,
gtfo_CHG_desc;We've had a good run, but it's time to end our rulership of Chagatai: if you love something, let it go!;;;;;;;;;;;;x
gtfo_CHL_title;Grant Dutch La Plata Independence;;;;;;;;;;;;x,,
gtfo_CHL_desc;We've had a good run, but it's time to end our rulership of Dutch La Plata: if you love something, let it go!;;;;;;;;;;;;x
gtfo_CHM_title;Grant Chimu Independence;;;;;;;;;;;;x,,
gtfo_CHM_desc;We've had a good run, but it's time to end our rulership of Chimu: if you love something, let it go!;;;;;;;;;;;;x
gtfo_CIR_title;Grant Circassia Independence;;;;;;;;;;;;x,,
gtfo_CIR_desc;We've had a good run, but it's time to end our rulership of Circassia: if you love something, let it go!;;;;;;;;;;;;x
gtfo_CKW_title;Grant Chokwe Independence;;;;;;;;;;;;x,,
gtfo_CKW_desc;We've had a good run, but it's time to end our rulership of Chokwe: if you love something, let it go!;;;;;;;;;;;;x
gtfo_CLM_title;Grant Colombia Independence;;;;;;;;;;;;x,,
gtfo_CLM_desc;We've had a good run, but it's time to end our rulership of Colombia: if you love something, let it go!;;;;;;;;;;;;x
gtfo_CMA_title;Grant Colima Independence;;;;;;;;;;;;x,,
gtfo_CMA_desc;We've had a good run, but it's time to end our rulership of Colima: if you love something, let it go!;;;;;;;;;;;;x
gtfo_CMI_title;Grant Miao Independence;;;;;;;;;;;;x,,
gtfo_CMI_desc;We've had a good run, but it's time to end our rulership of Miao: if you love something, let it go!;;;;;;;;;;;;x
gtfo_CNK_title;Grant Chinook Independence;;;;;;;;;;;;x,,
gtfo_CNK_desc;We've had a good run, but it's time to end our rulership of Chinook: if you love something, let it go!;;;;;;;;;;;;x
gtfo_COF_title;Grant Cofitachequi Independence;;;;;;;;;;;;x,,
gtfo_COF_desc;We've had a good run, but it's time to end our rulership of Cofitachequi: if you love something, let it go!;;;;;;;;;;;;x
gtfo_CRA_title;Grant Charca Independence;;;;;;;;;;;;x,,
gtfo_CRA_desc;We've had a good run, but it's time to end our rulership of Charca: if you love something, let it go!;;;;;;;;;;;;x
gtfo_CRI_title;Grant Crimea Independence;;;;;;;;;;;;x,,
gtfo_CRI_desc;We've had a good run, but it's time to end our rulership of Crimea: if you love something, let it go!;;;;;;;;;;;;x
gtfo_CRK_title;Grant Creek Independence;;;;;;;;;;;;x,,
gtfo_CRK_desc;We've had a good run, but it's time to end our rulership of Creek: if you love something, let it go!;;;;;;;;;;;;x
gtfo_CRO_title;Grant Croatia Independence;;;;;;;;;;;;x,,
gtfo_CRO_desc;We've had a good run, but it's time to end our rulership of Croatia: if you love something, let it go!;;;;;;;;;;;;x
gtfo_CRS_title;Grant Corsica Independence;;;;;;;;;;;;x,,
gtfo_CRS_desc;We've had a good run, but it's time to end our rulership of Corsica: if you love something, let it go!;;;;;;;;;;;;x
gtfo_CSH_title;Grant Shun Independence;;;;;;;;;;;;x,,
gtfo_CSH_desc;We've had a good run, but it's time to end our rulership of Shun: if you love something, let it go!;;;;;;;;;;;;x
gtfo_CSU_title;Grant Cusco Independence;;;;;;;;;;;;x,,
gtfo_CSU_desc;We've had a good run, but it's time to end our rulership of Cusco: if you love something, let it go!;;;;;;;;;;;;x
gtfo_CUA_title;Grant Charrua Independence;;;;;;;;;;;;x,,
gtfo_CUA_desc;We've had a good run, but it's time to end our rulership of Charrua: if you love something, let it go!;;;;;;;;;;;;x
gtfo_CUB_title;Grant Cuba Independence;;;;;;;;;;;;x,,
gtfo_CUB_desc;We've had a good run, but it's time to end our rulership of Cuba: if you love something, let it go!;;;;;;;;;;;;x
gtfo_CWU_title;Grant Wu Independence;;;;;;;;;;;;x,,
gtfo_CWU_desc;We've had a good run, but it's time to end our rulership of Wu: if you love something, let it go!;;;;;;;;;;;;x
gtfo_CXI_title;Grant Xi Independence;;;;;;;;;;;;x,,
gtfo_CXI_desc;We've had a good run, but it's time to end our rulership of Xi: if you love something, let it go!;;;;;;;;;;;;x
gtfo_CYA_title;Grant Chachapoya Independence;;;;;;;;;;;;x,,
gtfo_CYA_desc;We've had a good run, but it's time to end our rulership of Chachapoya: if you love something, let it go!;;;;;;;;;;;;x
gtfo_CYI_title;Grant Yi Independence;;;;;;;;;;;;x,,
gtfo_CYI_desc;We've had a good run, but it's time to end our rulership of Yi: if you love something, let it go!;;;;;;;;;;;;x
gtfo_DAH_title;Grant Dahomey Independence;;;;;;;;;;;;x,,
gtfo_DAH_desc;We've had a good run, but it's time to end our rulership of Dahomey: if you love something, let it go!;;;;;;;;;;;;x
gtfo_DAI_title;Grant Dai Viet Independence;;;;;;;;;;;;x,,
gtfo_DAI_desc;We've had a good run, but it's time to end our rulership of Dai Viet: if you love something, let it go!;;;;;;;;;;;;x
gtfo_DAW_title;Grant Dawasir Independence;;;;;;;;;;;;x,,
gtfo_DAW_desc;We've had a good run, but it's time to end our rulership of Dawasir: if you love something, let it go!;;;;;;;;;;;;x
gtfo_DEN_title;Grant Denmark Independence;;;;;;;;;;;;x,,
gtfo_DEN_desc;We've had a good run, but it's time to end our rulership of Denmark: if you love something, let it go!;;;;;;;;;;;;x
gtfo_DGB_title;Grant Dagbon Independence;;;;;;;;;;;;x,,
gtfo_DGB_desc;We've had a good run, but it's time to end our rulership of Dagbon: if you love something, let it go!;;;;;;;;;;;;x
gtfo_DLH_title;Grant Delhi Independence;;;;;;;;;;;;x,,
gtfo_DLH_desc;We've had a good run, but it's time to end our rulership of Delhi: if you love something, let it go!;;;;;;;;;;;;x
gtfo_DLM_title;Grant Dalmatia Independence;;;;;;;;;;;;x,,
gtfo_DLM_desc;We've had a good run, but it's time to end our rulership of Dalmatia: if you love something, let it go!;;;;;;;;;;;;x
gtfo_DMS_title;Grant Desmond Independence;;;;;;;;;;;;x,,
gtfo_DMS_desc;We've had a good run, but it's time to end our rulership of Desmond: if you love something, let it go!;;;;;;;;;;;;x
gtfo_DTT_title;Grant Dithmarschen Independence;;;;;;;;;;;;x,,
gtfo_DTT_desc;We've had a good run, but it's time to end our rulership of Dithmarschen: if you love something, let it go!;;;;;;;;;;;;x
gtfo_EFR_title;Grant East Frisia Independence;;;;;;;;;;;;x,,
gtfo_EFR_desc;We've had a good run, but it's time to end our rulership of East Frisia: if you love something, let it go!;;;;;;;;;;;;x
gtfo_EGY_title;Grant Mamluks Independence;;;;;;;;;;;;x,,
gtfo_EGY_desc;We've had a good run, but it's time to end our rulership of Mamluks: if you love something, let it go!;;;;;;;;;;;;x
gtfo_ENL_title;Grant England Independence;;;;;;;;;;;;x,,
gtfo_ENL_desc;We've had a good run, but it's time to end our rulership of England: if you love something, let it go!;;;;;;;;;;;;x
gtfo_EST_title;Grant Estonia Independence;;;;;;;;;;;;x,,
gtfo_EST_desc;We've had a good run, but it's time to end our rulership of Estonia: if you love something, let it go!;;;;;;;;;;;;x
gtfo_ETH_title;Grant Ethiopia Independence;;;;;;;;;;;;x,,
gtfo_ETH_desc;We've had a good run, but it's time to end our rulership of Ethiopia: if you love something, let it go!;;;;;;;;;;;;x
gtfo_FEO_title;Grant Theodoro Independence;;;;;;;;;;;;x,,
gtfo_FEO_desc;We've had a good run, but it's time to end our rulership of Theodoro: if you love something, let it go!;;;;;;;;;;;;x
gtfo_FER_title;Grant Ferrara Independence;;;;;;;;;;;;x,,
gtfo_FER_desc;We've had a good run, but it's time to end our rulership of Ferrara: if you love something, let it go!;;;;;;;;;;;;x
gtfo_FIJ_title;Grant Viti Independence;;;;;;;;;;;;x,,
gtfo_FIJ_desc;We've had a good run, but it's time to end our rulership of Viti: if you love something, let it go!;;;;;;;;;;;;x
gtfo_FIN_title;Grant Finland Independence;;;;;;;;;;;;x,,
gtfo_FIN_desc;We've had a good run, but it's time to end our rulership of Finland: if you love something, let it go!;;;;;;;;;;;;x
gtfo_FLA_title;Grant Flanders Independence;;;;;;;;;;;;x,,
gtfo_FLA_desc;We've had a good run, but it's time to end our rulership of Flanders: if you love something, let it go!;;;;;;;;;;;;x
gtfo_FLO_title;Grant Florence Independence;;;;;;;;;;;;x,,
gtfo_FLO_desc;We've had a good run, but it's time to end our rulership of Florence: if you love something, let it go!;;;;;;;;;;;;x
gtfo_FLR_title;Grant Florida Independence;;;;;;;;;;;;x,,
gtfo_FLR_desc;We've had a good run, but it's time to end our rulership of Florida: if you love something, let it go!;;;;;;;;;;;;x
gtfo_FLY_title;Grant Offaly Independence;;;;;;;;;;;;x,,
gtfo_FLY_desc;We've had a good run, but it's time to end our rulership of Offaly: if you love something, let it go!;;;;;;;;;;;;x
gtfo_FRA_title;Grant France Independence;;;;;;;;;;;;x,,
gtfo_FRA_desc;We've had a good run, but it's time to end our rulership of France: if you love something, let it go!;;;;;;;;;;;;x
gtfo_FRI_title;Grant Friesland Independence;;;;;;;;;;;;x,,
gtfo_FRI_desc;We've had a good run, but it's time to end our rulership of Friesland: if you love something, let it go!;;;;;;;;;;;;x
gtfo_FUL_title;Grant Fulo Independence;;;;;;;;;;;;x,,
gtfo_FUL_desc;We've had a good run, but it's time to end our rulership of Fulo: if you love something, let it go!;;;;;;;;;;;;x
gtfo_GAM_title;Grant Guamar Independence;;;;;;;;;;;;x,,
gtfo_GAM_desc;We've had a good run, but it's time to end our rulership of Guamar: if you love something, let it go!;;;;;;;;;;;;x
gtfo_GDW_title;Grant Garha Independence;;;;;;;;;;;;x,,
gtfo_GDW_desc;We've had a good run, but it's time to end our rulership of Garha: if you love something, let it go!;;;;;;;;;;;;x
gtfo_GEN_title;Grant Genoa Independence;;;;;;;;;;;;x,,
gtfo_GEN_desc;We've had a good run, but it's time to end our rulership of Genoa: if you love something, let it go!;;;;;;;;;;;;x
gtfo_GEO_title;Grant Georgia Independence;;;;;;;;;;;;x,,
gtfo_GEO_desc;We've had a good run, but it's time to end our rulership of Georgia: if you love something, let it go!;;;;;;;;;;;;x
gtfo_GHR_title;Grant Garhwal Independence;;;;;;;;;;;;x,,
gtfo_GHR_desc;We've had a good run, but it's time to end our rulership of Garhwal: if you love something, let it go!;;;;;;;;;;;;x
gtfo_GLC_title;Grant Galicia Independence;;;;;;;;;;;;x,,
gtfo_GLC_desc;We've had a good run, but it's time to end our rulership of Galicia: if you love something, let it go!;;;;;;;;;;;;x
gtfo_GLR_title;Grant Gelre Independence;;;;;;;;;;;;x,,
gtfo_GLR_desc;We've had a good run, but it's time to end our rulership of Gelre: if you love something, let it go!;;;;;;;;;;;;x
gtfo_GNV_title;Grant Geneva Independence;;;;;;;;;;;;x,,
gtfo_GNV_desc;We've had a good run, but it's time to end our rulership of Geneva: if you love something, let it go!;;;;;;;;;;;;x
gtfo_GOC_title;Grant Golkonda Independence;;;;;;;;;;;;x,,
gtfo_GOC_desc;We've had a good run, but it's time to end our rulership of Golkonda: if you love something, let it go!;;;;;;;;;;;;x
gtfo_GRA_title;Grant Granada Independence;;;;;;;;;;;;x,,
gtfo_GRA_desc;We've had a good run, but it's time to end our rulership of Granada: if you love something, let it go!;;;;;;;;;;;;x
gtfo_GRE_title;Grant Greece Independence;;;;;;;;;;;;x,,
gtfo_GRE_desc;We've had a good run, but it's time to end our rulership of Greece: if you love something, let it go!;;;;;;;;;;;;x
gtfo_GRH_title;Grant Great Horde Independence;;;;;;;;;;;;x,,
gtfo_GRH_desc;We've had a good run, but it's time to end our rulership of Great Horde: if you love something, let it go!;;;;;;;;;;;;x
gtfo_GRI_title;Grant Guarani Independence;;;;;;;;;;;;x,,
gtfo_GRI_desc;We've had a good run, but it's time to end our rulership of Guarani: if you love something, let it go!;;;;;;;;;;;;x
gtfo_GRJ_title;Grant Garjat Independence;;;;;;;;;;;;x,,
gtfo_GRJ_desc;We've had a good run, but it's time to end our rulership of Garjat: if you love something, let it go!;;;;;;;;;;;;x
gtfo_GUG_title;Grant Guge Independence;;;;;;;;;;;;x,,
gtfo_GUG_desc;We've had a good run, but it's time to end our rulership of Guge: if you love something, let it go!;;;;;;;;;;;;x
gtfo_GUJ_title;Grant Gujarat Independence;;;;;;;;;;;;x,,
gtfo_GUJ_desc;We've had a good run, but it's time to end our rulership of Gujarat: if you love something, let it go!;;;;;;;;;;;;x
gtfo_GWA_title;Grant Gwalior Independence;;;;;;;;;;;;x,,
gtfo_GWA_desc;We've had a good run, but it's time to end our rulership of Gwalior: if you love something, let it go!;;;;;;;;;;;;x
gtfo_GYN_title;Grant Gascony Independence;;;;;;;;;;;;x,,
gtfo_GYN_desc;We've had a good run, but it's time to end our rulership of Gascony: if you love something, let it go!;;;;;;;;;;;;x
gtfo_GZK_title;Grant Gazikumukh Independence;;;;;;;;;;;;x,,
gtfo_GZK_desc;We've had a good run, but it's time to end our rulership of Gazikumukh: if you love something, let it go!;;;;;;;;;;;;x
gtfo_HAM_title;Grant Hamburg Independence;;;;;;;;;;;;x,,
gtfo_HAM_desc;We've had a good run, but it's time to end our rulership of Hamburg: if you love something, let it go!;;;;;;;;;;;;x
gtfo_HAR_title;Grant Harar Independence;;;;;;;;;;;;x,,
gtfo_HAR_desc;We've had a good run, but it's time to end our rulership of Harar: if you love something, let it go!;;;;;;;;;;;;x
gtfo_HAT_title;Grant Hainaut Independence;;;;;;;;;;;;x,,
gtfo_HAT_desc;We've had a good run, but it's time to end our rulership of Hainaut: if you love something, let it go!;;;;;;;;;;;;x
gtfo_HDJ_title;Grant Hejaz Independence;;;;;;;;;;;;x,,
gtfo_HDJ_desc;We've had a good run, but it's time to end our rulership of Hejaz: if you love something, let it go!;;;;;;;;;;;;x
gtfo_HES_title;Grant Hesse Independence;;;;;;;;;;;;x,,
gtfo_HES_desc;We've had a good run, but it's time to end our rulership of Hesse: if you love something, let it go!;;;;;;;;;;;;x
gtfo_HLL_title;Grant Holland Independence;;;;;;;;;;;;x,,
gtfo_HLL_desc;We've had a good run, but it's time to end our rulership of Holland: if you love something, let it go!;;;;;;;;;;;;x
gtfo_HNI_title;Grant Hasinai Independence;;;;;;;;;;;;x,,
gtfo_HNI_desc;We've had a good run, but it's time to end our rulership of Hasinai: if you love something, let it go!;;;;;;;;;;;;x
gtfo_HOD_title;Grant Khodynt Independence;;;;;;;;;;;;x,,
gtfo_HOD_desc;We've had a good run, but it's time to end our rulership of Khodynt: if you love something, let it go!;;;;;;;;;;;;x
gtfo_HSC_title;Grant Gaeldom Independence;;;;;;;;;;;;x,,
gtfo_HSC_desc;We've had a good run, but it's time to end our rulership of Gaeldom: if you love something, let it go!;;;;;;;;;;;;x
gtfo_HSI_title;Grant Hsipaw Independence;;;;;;;;;;;;x,,
gtfo_HSI_desc;We've had a good run, but it's time to end our rulership of Hsipaw: if you love something, let it go!;;;;;;;;;;;;x
gtfo_HST_title;Grant Huastec Independence;;;;;;;;;;;;x,,
gtfo_HST_desc;We've had a good run, but it's time to end our rulership of Huastec: if you love something, let it go!;;;;;;;;;;;;x
gtfo_HUA_title;Grant Huai Independence;;;;;;;;;;;;x,,
gtfo_HUA_desc;We've had a good run, but it's time to end our rulership of Huai: if you love something, let it go!;;;;;;;;;;;;x
gtfo_HUN_title;Grant Hungary Independence;;;;;;;;;;;;x,,
gtfo_HUN_desc;We've had a good run, but it's time to end our rulership of Hungary: if you love something, let it go!;;;;;;;;;;;;x
gtfo_HUR_title;Grant Huron Independence;;;;;;;;;;;;x,,
gtfo_HUR_desc;We've had a good run, but it's time to end our rulership of Huron: if you love something, let it go!;;;;;;;;;;;;x
gtfo_HWH_title;Grant Hawai'i Independence;;;;;;;;;;;;x,,
gtfo_HWH_desc;We've had a good run, but it's time to end our rulership of Hawai'i: if you love something, let it go!;;;;;;;;;;;;x
gtfo_HWO_title;Grant O'ahu Independence;;;;;;;;;;;;x,,
gtfo_HWO_desc;We've had a good run, but it's time to end our rulership of O'ahu: if you love something, let it go!;;;;;;;;;;;;x
gtfo_ICL_title;Grant Iceland Independence;;;;;;;;;;;;x,,
gtfo_ICL_desc;We've had a good run, but it's time to end our rulership of Iceland: if you love something, let it go!;;;;;;;;;;;;x
gtfo_ING_title;Grant Ingolstadt Independence;;;;;;;;;;;;x,,
gtfo_ING_desc;We've had a good run, but it's time to end our rulership of Ingolstadt: if you love something, let it go!;;;;;;;;;;;;x
gtfo_IPR_title;Grant Indrapura Independence;;;;;;;;;;;;x,,
gtfo_IPR_desc;We've had a good run, but it's time to end our rulership of Indrapura: if you love something, let it go!;;;;;;;;;;;;x
gtfo_IRO_title;Grant Iroquois Independence;;;;;;;;;;;;x,,
gtfo_IRO_desc;We've had a good run, but it's time to end our rulership of Iroquois: if you love something, let it go!;;;;;;;;;;;;x
gtfo_IRQ_title;Grant Iraq Independence;;;;;;;;;;;;x,,
gtfo_IRQ_desc;We've had a good run, but it's time to end our rulership of Iraq: if you love something, let it go!;;;;;;;;;;;;x
gtfo_ITZ_title;Grant Itza Independence;;;;;;;;;;;;x,,
gtfo_ITZ_desc;We've had a good run, but it's time to end our rulership of Itza: if you love something, let it go!;;;;;;;;;;;;x
gtfo_JAP_title;Grant Japan Independence;;;;;;;;;;;;x,,
gtfo_JAP_desc;We've had a good run, but it's time to end our rulership of Japan: if you love something, let it go!;;;;;;;;;;;;x
gtfo_JGD_title;Grant Junagarh Independence;;;;;;;;;;;;x,,
gtfo_JGD_desc;We've had a good run, but it's time to end our rulership of Junagarh: if you love something, let it go!;;;;;;;;;;;;x
gtfo_JIM_title;Grant Jimma Independence;;;;;;;;;;;;x,,
gtfo_JIM_desc;We've had a good run, but it's time to end our rulership of Jimma: if you love something, let it go!;;;;;;;;;;;;x
gtfo_JIN_title;Grant Jin Independence;;;;;;;;;;;;x,,
gtfo_JIN_desc;We've had a good run, but it's time to end our rulership of Jin: if you love something, let it go!;;;;;;;;;;;;x
gtfo_JML_title;Grant Jumla Independence;;;;;;;;;;;;x,,
gtfo_JML_desc;We've had a good run, but it's time to end our rulership of Jumla: if you love something, let it go!;;;;;;;;;;;;x
gtfo_JNN_title;Grant Jenné Independence;;;;;;;;;;;;x,,
gtfo_JNN_desc;We've had a good run, but it's time to end our rulership of Jenné: if you love something, let it go!;;;;;;;;;;;;x
gtfo_JNP_title;Grant Jaunpur Independence;;;;;;;;;;;;x,,
gtfo_JNP_desc;We've had a good run, but it's time to end our rulership of Jaunpur: if you love something, let it go!;;;;;;;;;;;;x
gtfo_JPR_title;Grant Jeypore Independence;;;;;;;;;;;;x,,
gtfo_JPR_desc;We've had a good run, but it's time to end our rulership of Jeypore: if you love something, let it go!;;;;;;;;;;;;x
gtfo_KAF_title;Grant Kaffa Independence;;;;;;;;;;;;x,,
gtfo_KAF_desc;We've had a good run, but it's time to end our rulership of Kaffa: if you love something, let it go!;;;;;;;;;;;;x
gtfo_KAN_title;Grant Kano Independence;;;;;;;;;;;;x,,
gtfo_KAN_desc;We've had a good run, but it's time to end our rulership of Kano: if you love something, let it go!;;;;;;;;;;;;x
gtfo_KAS_title;Grant Kashmir Independence;;;;;;;;;;;;x,,
gtfo_KAS_desc;We've had a good run, but it's time to end our rulership of Kashmir: if you love something, let it go!;;;;;;;;;;;;x
gtfo_KAX_title;Grant Kale Independence;;;;;;;;;;;;x,,
gtfo_KAX_desc;We've had a good run, but it's time to end our rulership of Kale: if you love something, let it go!;;;;;;;;;;;;x
gtfo_KAZ_title;Grant Kazakh Independence;;;;;;;;;;;;x,,
gtfo_KAZ_desc;We've had a good run, but it's time to end our rulership of Kazakh: if you love something, let it go!;;;;;;;;;;;;x
gtfo_KBO_title;Grant Kanem Bornu Independence;;;;;;;;;;;;x,,
gtfo_KBO_desc;We've had a good run, but it's time to end our rulership of Kanem Bornu: if you love something, let it go!;;;;;;;;;;;;x
gtfo_KCX_title;Grant Koch Independence;;;;;;;;;;;;x,,
gtfo_KCX_desc;We've had a good run, but it's time to end our rulership of Koch: if you love something, let it go!;;;;;;;;;;;;x
gtfo_KED_title;Grant Kedah Independence;;;;;;;;;;;;x,,
gtfo_KED_desc;We've had a good run, but it's time to end our rulership of Kedah: if you love something, let it go!;;;;;;;;;;;;x
gtfo_KEL_title;Grant Kelantan Independence;;;;;;;;;;;;x,,
gtfo_KEL_desc;We've had a good run, but it's time to end our rulership of Kelantan: if you love something, let it go!;;;;;;;;;;;;x
gtfo_KER_title;Grant Cornwall Independence;;;;;;;;;;;;x,,
gtfo_KER_desc;We've had a good run, but it's time to end our rulership of Cornwall: if you love something, let it go!;;;;;;;;;;;;x
gtfo_KHA_title;Grant Mongolia Independence;;;;;;;;;;;;x,,
gtfo_KHA_desc;We've had a good run, but it's time to end our rulership of Mongolia: if you love something, let it go!;;;;;;;;;;;;x
gtfo_KHI_title;Grant Khiva Independence;;;;;;;;;;;;x,,
gtfo_KHI_desc;We've had a good run, but it's time to end our rulership of Khiva: if you love something, let it go!;;;;;;;;;;;;x
gtfo_KHO_title;Grant Khorasan Independence;;;;;;;;;;;;x,,
gtfo_KHO_desc;We've had a good run, but it's time to end our rulership of Khorasan: if you love something, let it go!;;;;;;;;;;;;x
gtfo_KIC_title;Grant Kiche Independence;;;;;;;;;;;;x,,
gtfo_KIC_desc;We've had a good run, but it's time to end our rulership of Kiche: if you love something, let it go!;;;;;;;;;;;;x
gtfo_KIE_title;Grant Kiev Independence;;;;;;;;;;;;x,,
gtfo_KIE_desc;We've had a good run, but it's time to end our rulership of Kiev: if you love something, let it go!;;;;;;;;;;;;x
gtfo_KIK_title;Grant Kikondja Independence;;;;;;;;;;;;x,,
gtfo_KIK_desc;We've had a good run, but it's time to end our rulership of Kikondja: if you love something, let it go!;;;;;;;;;;;;x
gtfo_KLD_title;Grant Kalundwe Independence;;;;;;;;;;;;x,,
gtfo_KLD_desc;We've had a good run, but it's time to end our rulership of Kalundwe: if you love something, let it go!;;;;;;;;;;;;x
gtfo_KLE_title;Grant Cleves Independence;;;;;;;;;;;;x,,
gtfo_KLE_desc;We've had a good run, but it's time to end our rulership of Cleves: if you love something, let it go!;;;;;;;;;;;;x
gtfo_KLK_title;Grant Khalkha Independence;;;;;;;;;;;;x,,
gtfo_KLK_desc;We've had a good run, but it's time to end our rulership of Khalkha: if you love something, let it go!;;;;;;;;;;;;x
gtfo_KMC_title;Grant Kamchadals Independence;;;;;;;;;;;;x,,
gtfo_KMC_desc;We've had a good run, but it's time to end our rulership of Kamchadals: if you love something, let it go!;;;;;;;;;;;;x
gtfo_KNG_title;Grant Kong Independence;;;;;;;;;;;;x,,
gtfo_KNG_desc;We've had a good run, but it's time to end our rulership of Kong: if you love something, let it go!;;;;;;;;;;;;x
gtfo_KNZ_title;Grant Konstanz Independence;;;;;;;;;;;;x,,
gtfo_KNZ_desc;We've had a good run, but it's time to end our rulership of Konstanz: if you love something, let it go!;;;;;;;;;;;;x
gtfo_KON_title;Grant Kongo Independence;;;;;;;;;;;;x,,
gtfo_KON_desc;We've had a good run, but it's time to end our rulership of Kongo: if you love something, let it go!;;;;;;;;;;;;x
gtfo_KOR_title;Grant Korea Independence;;;;;;;;;;;;x,,
gtfo_KOR_desc;We've had a good run, but it's time to end our rulership of Korea: if you love something, let it go!;;;;;;;;;;;;x
gtfo_KRC_title;Grant Korchin Independence;;;;;;;;;;;;x,,
gtfo_KRC_desc;We've had a good run, but it's time to end our rulership of Korchin: if you love something, let it go!;;;;;;;;;;;;x
gtfo_KRW_title;Grant Karagwe Independence;;;;;;;;;;;;x,,
gtfo_KRW_desc;We've had a good run, but it's time to end our rulership of Karagwe: if you love something, let it go!;;;;;;;;;;;;x
gtfo_KSJ_title;Grant Kasanje Independence;;;;;;;;;;;;x,,
gtfo_KSJ_desc;We've had a good run, but it's time to end our rulership of Kasanje: if you love something, let it go!;;;;;;;;;;;;x
gtfo_KTI_title;Grant Kutai Independence;;;;;;;;;;;;x,,
gtfo_KTI_desc;We've had a good run, but it's time to end our rulership of Kutai: if you love something, let it go!;;;;;;;;;;;;x
gtfo_KTS_title;Grant Katsina Independence;;;;;;;;;;;;x,,
gtfo_KTS_desc;We've had a good run, but it's time to end our rulership of Katsina: if you love something, let it go!;;;;;;;;;;;;x
gtfo_KTU_title;Grant Kathmandu Independence;;;;;;;;;;;;x,,
gtfo_KTU_desc;We've had a good run, but it's time to end our rulership of Kathmandu: if you love something, let it go!;;;;;;;;;;;;x
gtfo_KUB_title;Grant Kuba Independence;;;;;;;;;;;;x,,
gtfo_KUB_desc;We've had a good run, but it's time to end our rulership of Kuba: if you love something, let it go!;;;;;;;;;;;;x
gtfo_KWN_title;Grant Mong Kawng Independence;;;;;;;;;;;;x,,
gtfo_KWN_desc;We've had a good run, but it's time to end our rulership of Mong Kawng: if you love something, let it go!;;;;;;;;;;;;x
gtfo_KZB_title;Grant Kazembe Independence;;;;;;;;;;;;x,,
gtfo_KZB_desc;We've had a good run, but it's time to end our rulership of Kazembe: if you love something, let it go!;;;;;;;;;;;;x
gtfo_KZN_title;Grant Kazan Independence;;;;;;;;;;;;x,,
gtfo_KZN_desc;We've had a good run, but it's time to end our rulership of Kazan: if you love something, let it go!;;;;;;;;;;;;x
gtfo_LAC_title;Grant Tzotzil Independence;;;;;;;;;;;;x,,
gtfo_LAC_desc;We've had a good run, but it's time to end our rulership of Tzotzil: if you love something, let it go!;;;;;;;;;;;;x
gtfo_LAN_title;Grant Lanfang Independence;;;;;;;;;;;;x,,
gtfo_LAN_desc;We've had a good run, but it's time to end our rulership of Lanfang: if you love something, let it go!;;;;;;;;;;;;x
gtfo_LAU_title;Grant Saxe-Lauenburg Independence;;;;;;;;;;;;x,,
gtfo_LAU_desc;We've had a good run, but it's time to end our rulership of Saxe-Lauenburg: if you love something, let it go!;;;;;;;;;;;;x
gtfo_LBA_title;Grant Luba Independence;;;;;;;;;;;;x,,
gtfo_LBA_desc;We've had a good run, but it's time to end our rulership of Luba: if you love something, let it go!;;;;;;;;;;;;x
gtfo_LBV_title;Grant Landshut Independence;;;;;;;;;;;;x,,
gtfo_LBV_desc;We've had a good run, but it's time to end our rulership of Landshut: if you love something, let it go!;;;;;;;;;;;;x
gtfo_LEN_title;Grant Lenape Independence;;;;;;;;;;;;x,,
gtfo_LEN_desc;We've had a good run, but it's time to end our rulership of Lenape: if you love something, let it go!;;;;;;;;;;;;x
gtfo_LGR_title;Grant Ligor Independence;;;;;;;;;;;;x,,
gtfo_LGR_desc;We've had a good run, but it's time to end our rulership of Ligor: if you love something, let it go!;;;;;;;;;;;;x
gtfo_LIG_title;Grant Liege Independence;;;;;;;;;;;;x,,
gtfo_LIG_desc;We've had a good run, but it's time to end our rulership of Liege: if you love something, let it go!;;;;;;;;;;;;x
gtfo_LIT_title;Grant Lithuania Independence;;;;;;;;;;;;x,,
gtfo_LIT_desc;We've had a good run, but it's time to end our rulership of Lithuania: if you love something, let it go!;;;;;;;;;;;;x
gtfo_LNA_title;Grant Lan Na Independence;;;;;;;;;;;;x,,
gtfo_LNA_desc;We've had a good run, but it's time to end our rulership of Lan Na: if you love something, let it go!;;;;;;;;;;;;x
gtfo_LNB_title;Grant Lüneburg Independence;;;;;;;;;;;;x,,
gtfo_LNB_desc;We've had a good run, but it's time to end our rulership of Lüneburg: if you love something, let it go!;;;;;;;;;;;;x
gtfo_LNG_title;Grant Liang Independence;;;;;;;;;;;;x,,
gtfo_LNG_desc;We've had a good run, but it's time to end our rulership of Liang: if you love something, let it go!;;;;;;;;;;;;x
gtfo_LOM_title;Grant Milan Independence;;;;;;;;;;;;x,,
gtfo_LOM_desc;We've had a good run, but it's time to end our rulership of Milan: if you love something, let it go!;;;;;;;;;;;;x
gtfo_LOR_title;Grant Lorraine Independence;;;;;;;;;;;;x,,
gtfo_LOR_desc;We've had a good run, but it's time to end our rulership of Lorraine: if you love something, let it go!;;;;;;;;;;;;x
gtfo_LPN_title;Grant Lipan Independence;;;;;;;;;;;;x,,
gtfo_LPN_desc;We've had a good run, but it's time to end our rulership of Lipan: if you love something, let it go!;;;;;;;;;;;;x
gtfo_LSK_title;Grant Alaska Independence;;;;;;;;;;;;x,,
gtfo_LSK_desc;We've had a good run, but it's time to end our rulership of Alaska: if you love something, let it go!;;;;;;;;;;;;x
gtfo_LUA_title;Grant Luang Prabang Independence;;;;;;;;;;;;x,,
gtfo_LUA_desc;We've had a good run, but it's time to end our rulership of Luang Prabang: if you love something, let it go!;;;;;;;;;;;;x
gtfo_LUB_title;Grant Lübeck Independence;;;;;;;;;;;;x,,
gtfo_LUB_desc;We've had a good run, but it's time to end our rulership of Lübeck: if you love something, let it go!;;;;;;;;;;;;x
gtfo_LUN_title;Grant Lunda Independence;;;;;;;;;;;;x,,
gtfo_LUN_desc;We've had a good run, but it's time to end our rulership of Lunda: if you love something, let it go!;;;;;;;;;;;;x
gtfo_LUZ_title;Grant Lusatia Independence;;;;;;;;;;;;x,,
gtfo_LUZ_desc;We've had a good run, but it's time to end our rulership of Lusatia: if you love something, let it go!;;;;;;;;;;;;x
gtfo_LXA_title;Grant Lan Xang Independence;;;;;;;;;;;;x,,
gtfo_LXA_desc;We've had a good run, but it's time to end our rulership of Lan Xang: if you love something, let it go!;;;;;;;;;;;;x
gtfo_MAG_title;Grant Magdeburg Independence;;;;;;;;;;;;x,,
gtfo_MAG_desc;We've had a good run, but it's time to end our rulership of Magdeburg: if you love something, let it go!;;;;;;;;;;;;x
gtfo_MAI_title;Grant Mainz Independence;;;;;;;;;;;;x,,
gtfo_MAI_desc;We've had a good run, but it's time to end our rulership of Mainz: if you love something, let it go!;;;;;;;;;;;;x
gtfo_MAW_title;Grant Malwa Independence;;;;;;;;;;;;x,,
gtfo_MAW_desc;We've had a good run, but it's time to end our rulership of Malwa: if you love something, let it go!;;;;;;;;;;;;x
gtfo_MBA_title;Grant Mombasa Independence;;;;;;;;;;;;x,,
gtfo_MBA_desc;We've had a good run, but it's time to end our rulership of Mombasa: if you love something, let it go!;;;;;;;;;;;;x
gtfo_MBZ_title;Grant Bregenz Independence;;;;;;;;;;;;x,,
gtfo_MBZ_desc;We've had a good run, but it's time to end our rulership of Bregenz: if you love something, let it go!;;;;;;;;;;;;x
gtfo_MCA_title;Grant Muisca Independence;;;;;;;;;;;;x,,
gtfo_MCA_desc;We've had a good run, but it's time to end our rulership of Muisca: if you love something, let it go!;;;;;;;;;;;;x
gtfo_MDO_title;Grant Kham Independence;;;;;;;;;;;;x,,
gtfo_MDO_desc;We've had a good run, but it's time to end our rulership of Kham: if you love something, let it go!;;;;;;;;;;;;x
gtfo_MEC_title;Grant Mecklenburg Independence;;;;;;;;;;;;x,,
gtfo_MEC_desc;We've had a good run, but it's time to end our rulership of Mecklenburg: if you love something, let it go!;;;;;;;;;;;;x
gtfo_MED_title;Grant Medri Bahri Independence;;;;;;;;;;;;x,,
gtfo_MED_desc;We've had a good run, but it's time to end our rulership of Medri Bahri: if you love something, let it go!;;;;;;;;;;;;x
gtfo_MEM_title;Grant Memmingen Independence;;;;;;;;;;;;x,,
gtfo_MEM_desc;We've had a good run, but it's time to end our rulership of Memmingen: if you love something, let it go!;;;;;;;;;;;;x
gtfo_MEW_title;Grant Mewar Independence;;;;;;;;;;;;x,,
gtfo_MEW_desc;We've had a good run, but it's time to end our rulership of Mewar: if you love something, let it go!;;;;;;;;;;;;x
gtfo_MEX_title;Grant Mexico Independence;;;;;;;;;;;;x,,
gtfo_MEX_desc;We've had a good run, but it's time to end our rulership of Mexico: if you love something, let it go!;;;;;;;;;;;;x
gtfo_MFA_title;Grant Montferrat Independence;;;;;;;;;;;;x,,
gtfo_MFA_desc;We've had a good run, but it's time to end our rulership of Montferrat: if you love something, let it go!;;;;;;;;;;;;x
gtfo_MHR_title;Grant Mahra Independence;;;;;;;;;;;;x,,
gtfo_MHR_desc;We've had a good run, but it's time to end our rulership of Mahra: if you love something, let it go!;;;;;;;;;;;;x
gtfo_MIX_title;Grant Mixtec Independence;;;;;;;;;;;;x,,
gtfo_MIX_desc;We've had a good run, but it's time to end our rulership of Mixtec: if you love something, let it go!;;;;;;;;;;;;x
gtfo_MJZ_title;Grant Jianzhou Independence;;;;;;;;;;;;x,,
gtfo_MJZ_desc;We've had a good run, but it's time to end our rulership of Jianzhou: if you love something, let it go!;;;;;;;;;;;;x
gtfo_MKS_title;Grant Makassar Independence;;;;;;;;;;;;x,,
gtfo_MKS_desc;We've had a good run, but it's time to end our rulership of Makassar: if you love something, let it go!;;;;;;;;;;;;x
gtfo_MLC_title;Grant Malacca Independence;;;;;;;;;;;;x,,
gtfo_MLC_desc;We've had a good run, but it's time to end our rulership of Malacca: if you love something, let it go!;;;;;;;;;;;;x
gtfo_MLH_title;Grant Mulhouse Independence;;;;;;;;;;;;x,,
gtfo_MLH_desc;We've had a good run, but it's time to end our rulership of Mulhouse: if you love something, let it go!;;;;;;;;;;;;x
gtfo_MLI_title;Grant Mali Independence;;;;;;;;;;;;x,,
gtfo_MLI_desc;We've had a good run, but it's time to end our rulership of Mali: if you love something, let it go!;;;;;;;;;;;;x
gtfo_MLS_title;Grant Maliseet Independence;;;;;;;;;;;;x,,
gtfo_MLS_desc;We've had a good run, but it's time to end our rulership of Maliseet: if you love something, let it go!;;;;;;;;;;;;x
gtfo_MLW_title;Grant Maravi Independence;;;;;;;;;;;;x,,
gtfo_MLW_desc;We've had a good run, but it's time to end our rulership of Maravi: if you love something, let it go!;;;;;;;;;;;;x
gtfo_MMA_title;Grant Mong Mao Independence;;;;;;;;;;;;x,,
gtfo_MMA_desc;We've had a good run, but it's time to end our rulership of Mong Mao: if you love something, let it go!;;;;;;;;;;;;x
gtfo_MNP_title;Grant Manipur Independence;;;;;;;;;;;;x,,
gtfo_MNP_desc;We've had a good run, but it's time to end our rulership of Manipur: if you love something, let it go!;;;;;;;;;;;;x
gtfo_MNX_title;Grant Ming Independence;;;;;;;;;;;;x,,
gtfo_MNX_desc;We've had a good run, but it's time to end our rulership of Ming: if you love something, let it go!;;;;;;;;;;;;x
gtfo_MOR_title;Grant Morocco Independence;;;;;;;;;;;;x,,
gtfo_MOR_desc;We've had a good run, but it's time to end our rulership of Morocco: if you love something, let it go!;;;;;;;;;;;;x
gtfo_MPA_title;Grant Mong Pai Independence;;;;;;;;;;;;x,,
gtfo_MPA_desc;We've had a good run, but it's time to end our rulership of Mong Pai: if you love something, let it go!;;;;;;;;;;;;x
gtfo_MPC_title;Grant Mapuche Independence;;;;;;;;;;;;x,,
gtfo_MPC_desc;We've had a good run, but it's time to end our rulership of Mapuche: if you love something, let it go!;;;;;;;;;;;;x
gtfo_MRT_title;Grant Marathas Independence;;;;;;;;;;;;x,,
gtfo_MRT_desc;We've had a good run, but it's time to end our rulership of Marathas: if you love something, let it go!;;;;;;;;;;;;x
gtfo_MSC_title;Grant Mescalero Independence;;;;;;;;;;;;x,,
gtfo_MSC_desc;We've had a good run, but it's time to end our rulership of Mescalero: if you love something, let it go!;;;;;;;;;;;;x
gtfo_MSK_title;Grant Miskito Independence;;;;;;;;;;;;x,,
gtfo_MSK_desc;We've had a good run, but it's time to end our rulership of Miskito: if you love something, let it go!;;;;;;;;;;;;x
gtfo_MSY_title;Grant Mushasha Independence;;;;;;;;;;;;x,,
gtfo_MSY_desc;We've had a good run, but it's time to end our rulership of Mushasha: if you love something, let it go!;;;;;;;;;;;;x
gtfo_MTA_title;Grant Mantua Independence;;;;;;;;;;;;x,,
gtfo_MTA_desc;We've had a good run, but it's time to end our rulership of Mantua: if you love something, let it go!;;;;;;;;;;;;x
gtfo_MTL_title;Grant Matlatzinca Independence;;;;;;;;;;;;x,,
gtfo_MTL_desc;We've had a good run, but it's time to end our rulership of Matlatzinca: if you love something, let it go!;;;;;;;;;;;;x
gtfo_MTR_title;Grant Mataram Independence;;;;;;;;;;;;x,,
gtfo_MTR_desc;We've had a good run, but it's time to end our rulership of Mataram: if you love something, let it go!;;;;;;;;;;;;x
gtfo_MUL_title;Grant Multan Independence;;;;;;;;;;;;x,,
gtfo_MUL_desc;We've had a good run, but it's time to end our rulership of Multan: if you love something, let it go!;;;;;;;;;;;;x
gtfo_MUN_title;Grant Münster Independence;;;;;;;;;;;;x,,
gtfo_MUN_desc;We've had a good run, but it's time to end our rulership of Münster: if you love something, let it go!;;;;;;;;;;;;x
gtfo_NAH_title;Grant Navajo Independence;;;;;;;;;;;;x,,
gtfo_NAH_desc;We've had a good run, but it's time to end our rulership of Navajo: if you love something, let it go!;;;;;;;;;;;;x
gtfo_NAV_title;Grant Navarra Independence;;;;;;;;;;;;x,,
gtfo_NAV_desc;We've had a good run, but it's time to end our rulership of Navarra: if you love something, let it go!;;;;;;;;;;;;x
gtfo_NDO_title;Grant Ndongo Independence;;;;;;;;;;;;x,,
gtfo_NDO_desc;We've had a good run, but it's time to end our rulership of Ndongo: if you love something, let it go!;;;;;;;;;;;;x
gtfo_NEJ_title;Grant Najd Independence;;;;;;;;;;;;x,,
gtfo_NEJ_desc;We've had a good run, but it's time to end our rulership of Najd: if you love something, let it go!;;;;;;;;;;;;x
gtfo_NGP_title;Grant Jharkhand Independence;;;;;;;;;;;;x,,
gtfo_NGP_desc;We've had a good run, but it's time to end our rulership of Jharkhand: if you love something, let it go!;;;;;;;;;;;;x
gtfo_NHX_title;Grant Orochoni Independence;;;;;;;;;;;;x,,
gtfo_NHX_desc;We've had a good run, but it's time to end our rulership of Orochoni: if you love something, let it go!;;;;;;;;;;;;x
gtfo_NKO_title;Grant Nkore Independence;;;;;;;;;;;;x,,
gtfo_NKO_desc;We've had a good run, but it's time to end our rulership of Nkore: if you love something, let it go!;;;;;;;;;;;;x
gtfo_NNG_title;Grant Ning Independence;;;;;;;;;;;;x,,
gtfo_NNG_desc;We've had a good run, but it's time to end our rulership of Ning: if you love something, let it go!;;;;;;;;;;;;x
gtfo_NOG_title;Grant Nogai Independence;;;;;;;;;;;;x,,
gtfo_NOG_desc;We've had a good run, but it's time to end our rulership of Nogai: if you love something, let it go!;;;;;;;;;;;;x
gtfo_NOR_title;Grant Norway Independence;;;;;;;;;;;;x,,
gtfo_NOR_desc;We've had a good run, but it's time to end our rulership of Norway: if you love something, let it go!;;;;;;;;;;;;x
gtfo_NRM_title;Grant Normandy Independence;;;;;;;;;;;;x,,
gtfo_NRM_desc;We've had a good run, but it's time to end our rulership of Normandy: if you love something, let it go!;;;;;;;;;;;;x
gtfo_NTZ_title;Grant Natchez Independence;;;;;;;;;;;;x,,
gtfo_NTZ_desc;We've had a good run, but it's time to end our rulership of Natchez: if you love something, let it go!;;;;;;;;;;;;x
gtfo_NUB_title;Grant Funj Independence;;;;;;;;;;;;x,,
gtfo_NUB_desc;We've had a good run, but it's time to end our rulership of Funj: if you love something, let it go!;;;;;;;;;;;;x
gtfo_NUP_title;Grant Nupe Independence;;;;;;;;;;;;x,,
gtfo_NUP_desc;We've had a good run, but it's time to end our rulership of Nupe: if you love something, let it go!;;;;;;;;;;;;x
gtfo_NVG_title;Grant Novgorod Independence;;;;;;;;;;;;x,,
gtfo_NVG_desc;We've had a good run, but it's time to end our rulership of Novgorod: if you love something, let it go!;;;;;;;;;;;;x
gtfo_NZA_title;Grant Ngati Ranginui Independence;;;;;;;;;;;;x,,
gtfo_NZA_desc;We've had a good run, but it's time to end our rulership of Ngati Ranginui: if you love something, let it go!;;;;;;;;;;;;x
gtfo_NZK_title;Grant Ngati Kahungunu Independence;;;;;;;;;;;;x,,
gtfo_NZK_desc;We've had a good run, but it's time to end our rulership of Ngati Kahungunu: if you love something, let it go!;;;;;;;;;;;;x
gtfo_NZL_title;Grant Zealandia Independence;;;;;;;;;;;;x,,
gtfo_NZL_desc;We've had a good run, but it's time to end our rulership of Zealandia: if you love something, let it go!;;;;;;;;;;;;x
gtfo_NZM_title;Grant Ngati Awa Independence;;;;;;;;;;;;x,,
gtfo_NZM_desc;We've had a good run, but it's time to end our rulership of Ngati Awa: if you love something, let it go!;;;;;;;;;;;;x
gtfo_NZR_title;Grant Ngati Toa Independence;;;;;;;;;;;;x,,
gtfo_NZR_desc;We've had a good run, but it's time to end our rulership of Ngati Toa: if you love something, let it go!;;;;;;;;;;;;x
gtfo_NZT_title;Grant Ngapuhi Independence;;;;;;;;;;;;x,,
gtfo_NZT_desc;We've had a good run, but it's time to end our rulership of Ngapuhi: if you love something, let it go!;;;;;;;;;;;;x
gtfo_OLD_title;Grant Oldenburg Independence;;;;;;;;;;;;x,,
gtfo_OLD_desc;We've had a good run, but it's time to end our rulership of Oldenburg: if you love something, let it go!;;;;;;;;;;;;x
gtfo_OMA_title;Grant Oman Independence;;;;;;;;;;;;x,,
gtfo_OMA_desc;We've had a good run, but it's time to end our rulership of Oman: if you love something, let it go!;;;;;;;;;;;;x
gtfo_ONO_title;Grant Onondaga Independence;;;;;;;;;;;;x,,
gtfo_ONO_desc;We've had a good run, but it's time to end our rulership of Onondaga: if you love something, let it go!;;;;;;;;;;;;x
gtfo_ORD_title;Grant Ormond Independence;;;;;;;;;;;;x,,
gtfo_ORD_desc;We've had a good run, but it's time to end our rulership of Ormond: if you love something, let it go!;;;;;;;;;;;;x
gtfo_ORI_title;Grant Orissa Independence;;;;;;;;;;;;x,,
gtfo_ORI_desc;We've had a good run, but it's time to end our rulership of Orissa: if you love something, let it go!;;;;;;;;;;;;x
gtfo_ORM_title;Grant Hormuz Independence;;;;;;;;;;;;x,,
gtfo_ORM_desc;We've had a good run, but it's time to end our rulership of Hormuz: if you love something, let it go!;;;;;;;;;;;;x
gtfo_OTM_title;Grant Otomo Independence;;;;;;;;;;;;x,,
gtfo_OTM_desc;We've had a good run, but it's time to end our rulership of Otomo: if you love something, let it go!;;;;;;;;;;;;x
gtfo_OTO_title;Grant Otomi Independence;;;;;;;;;;;;x,,
gtfo_OTO_desc;We've had a good run, but it's time to end our rulership of Otomi: if you love something, let it go!;;;;;;;;;;;;x
gtfo_OYO_title;Grant Oyo Independence;;;;;;;;;;;;x,,
gtfo_OYO_desc;We've had a good run, but it's time to end our rulership of Oyo: if you love something, let it go!;;;;;;;;;;;;x
gtfo_PAL_title;Grant The Palatinate Independence;;;;;;;;;;;;x,,
gtfo_PAL_desc;We've had a good run, but it's time to end our rulership of The Palatinate: if you love something, let it go!;;;;;;;;;;;;x
gtfo_PAP_title;Grant The Papal State Independence;;;;;;;;;;;;x,,
gtfo_PAP_desc;We've had a good run, but it's time to end our rulership of The Papal State: if you love something, let it go!;;;;;;;;;;;;x
gtfo_PAW_title;Grant Pawnee Independence;;;;;;;;;;;;x,,
gtfo_PAW_desc;We've had a good run, but it's time to end our rulership of Pawnee: if you love something, let it go!;;;;;;;;;;;;x
gtfo_PEG_title;Grant Pegu Independence;;;;;;;;;;;;x,,
gtfo_PEG_desc;We've had a good run, but it's time to end our rulership of Pegu: if you love something, let it go!;;;;;;;;;;;;x
gtfo_PGR_title;Grant Pagarruyung Independence;;;;;;;;;;;;x,,
gtfo_PGR_desc;We've had a good run, but it's time to end our rulership of Pagarruyung: if you love something, let it go!;;;;;;;;;;;;x
gtfo_PGS_title;Grant Pangasinan Independence;;;;;;;;;;;;x,,
gtfo_PGS_desc;We've had a good run, but it's time to end our rulership of Pangasinan: if you love something, let it go!;;;;;;;;;;;;x
gtfo_PIM_title;Grant Pima Independence;;;;;;;;;;;;x,,
gtfo_PIM_desc;We've had a good run, but it's time to end our rulership of Pima: if you love something, let it go!;;;;;;;;;;;;x
gtfo_PLB_title;Grant Palembang Independence;;;;;;;;;;;;x,,
gtfo_PLB_desc;We've had a good run, but it's time to end our rulership of Palembang: if you love something, let it go!;;;;;;;;;;;;x
gtfo_PLC_title;Grant Commonwealth Independence;;;;;;;;;;;;x,,
gtfo_PLC_desc;We've had a good run, but it's time to end our rulership of Commonwealth: if you love something, let it go!;;;;;;;;;;;;x
gtfo_PLT_title;Grant Polotsk Independence;;;;;;;;;;;;x,,
gtfo_PLT_desc;We've had a good run, but it's time to end our rulership of Polotsk: if you love something, let it go!;;;;;;;;;;;;x
gtfo_PNJ_title;Grant Punjab Independence;;;;;;;;;;;;x,,
gtfo_PNJ_desc;We've had a good run, but it's time to end our rulership of Punjab: if you love something, let it go!;;;;;;;;;;;;x
gtfo_PNN_title;Grant Kalinjar Independence;;;;;;;;;;;;x,,
gtfo_PNN_desc;We've had a good run, but it's time to end our rulership of Kalinjar: if you love something, let it go!;;;;;;;;;;;;x
gtfo_POM_title;Grant Pomerania Independence;;;;;;;;;;;;x,,
gtfo_POM_desc;We've had a good run, but it's time to end our rulership of Pomerania: if you love something, let it go!;;;;;;;;;;;;x
gtfo_POR_title;Grant Portugal Independence;;;;;;;;;;;;x,,
gtfo_POR_desc;We've had a good run, but it's time to end our rulership of Portugal: if you love something, let it go!;;;;;;;;;;;;x
gtfo_PRB_title;Grant Porbandar Independence;;;;;;;;;;;;x,,
gtfo_PRB_desc;We've had a good run, but it's time to end our rulership of Porbandar: if you love something, let it go!;;;;;;;;;;;;x
gtfo_PRG_title;Grant Paraguay Independence;;;;;;;;;;;;x,,
gtfo_PRG_desc;We've had a good run, but it's time to end our rulership of Paraguay: if you love something, let it go!;;;;;;;;;;;;x
gtfo_PRM_title;Grant Perm Independence;;;;;;;;;;;;x,,
gtfo_PRM_desc;We've had a good run, but it's time to end our rulership of Perm: if you love something, let it go!;;;;;;;;;;;;x
gtfo_PRU_title;Grant Prussia Independence;;;;;;;;;;;;x,,
gtfo_PRU_desc;We've had a good run, but it's time to end our rulership of Prussia: if you love something, let it go!;;;;;;;;;;;;x
gtfo_PSA_title;Grant Pasai Independence;;;;;;;;;;;;x,,
gtfo_PSA_desc;We've had a good run, but it's time to end our rulership of Pasai: if you love something, let it go!;;;;;;;;;;;;x
gtfo_PTT_title;Grant Patna Independence;;;;;;;;;;;;x,,
gtfo_PTT_desc;We've had a good run, but it's time to end our rulership of Patna: if you love something, let it go!;;;;;;;;;;;;x
gtfo_PUE_title;Grant Pueblo Independence;;;;;;;;;;;;x,,
gtfo_PUE_desc;We've had a good run, but it's time to end our rulership of Pueblo: if you love something, let it go!;;;;;;;;;;;;x
gtfo_QIC_title;Grant Qi Independence;;;;;;;;;;;;x,,
gtfo_QIC_desc;We've had a good run, but it's time to end our rulership of Qi: if you love something, let it go!;;;;;;;;;;;;x
gtfo_QOM_title;Grant Ajam Independence;;;;;;;;;;;;x,,
gtfo_QOM_desc;We've had a good run, but it's time to end our rulership of Ajam: if you love something, let it go!;;;;;;;;;;;;x
gtfo_QTO_title;Grant Quito Independence;;;;;;;;;;;;x,,
gtfo_QTO_desc;We've had a good run, but it's time to end our rulership of Quito: if you love something, let it go!;;;;;;;;;;;;x
gtfo_RAG_title;Grant Ragusa Independence;;;;;;;;;;;;x,,
gtfo_RAG_desc;We've had a good run, but it's time to end our rulership of Ragusa: if you love something, let it go!;;;;;;;;;;;;x
gtfo_RDL_title;Grant Ardalan Independence;;;;;;;;;;;;x,,
gtfo_RDL_desc;We've had a good run, but it's time to end our rulership of Ardalan: if you love something, let it go!;;;;;;;;;;;;x
gtfo_REG_title;Grant Regensburg Independence;;;;;;;;;;;;x,,
gtfo_REG_desc;We've had a good run, but it's time to end our rulership of Regensburg: if you love something, let it go!;;;;;;;;;;;;x
gtfo_ROM_title;Grant Romania Independence;;;;;;;;;;;;x,,
gtfo_ROM_desc;We've had a good run, but it's time to end our rulership of Romania: if you love something, let it go!;;;;;;;;;;;;x
gtfo_ROT_title;Grant Rothenburg Independence;;;;;;;;;;;;x,,
gtfo_ROT_desc;We've had a good run, but it's time to end our rulership of Rothenburg: if you love something, let it go!;;;;;;;;;;;;x
gtfo_RUS_title;Grant Russia Independence;;;;;;;;;;;;x,,
gtfo_RUS_desc;We've had a good run, but it's time to end our rulership of Russia: if you love something, let it go!;;;;;;;;;;;;x
gtfo_RVA_title;Grant Dortmund Independence;;;;;;;;;;;;x,,
gtfo_RVA_desc;We've had a good run, but it's time to end our rulership of Dortmund: if you love something, let it go!;;;;;;;;;;;;x
gtfo_RWA_title;Grant Rwanda Independence;;;;;;;;;;;;x,,
gtfo_RWA_desc;We've had a good run, but it's time to end our rulership of Rwanda: if you love something, let it go!;;;;;;;;;;;;x
gtfo_RYA_title;Grant Ryazan Independence;;;;;;;;;;;;x,,
gtfo_RYA_desc;We've had a good run, but it's time to end our rulership of Ryazan: if you love something, let it go!;;;;;;;;;;;;x
gtfo_SAL_title;Grant Salish Independence;;;;;;;;;;;;x,,
gtfo_SAL_desc;We've had a good run, but it's time to end our rulership of Salish: if you love something, let it go!;;;;;;;;;;;;x
gtfo_SAX_title;Grant Saxony Independence;;;;;;;;;;;;x,,
gtfo_SAX_desc;We've had a good run, but it's time to end our rulership of Saxony: if you love something, let it go!;;;;;;;;;;;;x
gtfo_SCO_title;Grant Scotland Independence;;;;;;;;;;;;x,,
gtfo_SCO_desc;We've had a good run, but it's time to end our rulership of Scotland: if you love something, let it go!;;;;;;;;;;;;x
gtfo_SER_title;Grant Serbia Independence;;;;;;;;;;;;x,,
gtfo_SER_desc;We've had a good run, but it's time to end our rulership of Serbia: if you love something, let it go!;;;;;;;;;;;;x
gtfo_SGH_title;Grant Songhai Independence;;;;;;;;;;;;x,,
gtfo_SGH_desc;We've had a good run, but it's time to end our rulership of Songhai: if you love something, let it go!;;;;;;;;;;;;x
gtfo_SHU_title;Grant Shu Independence;;;;;;;;;;;;x,,
gtfo_SHU_desc;We've had a good run, but it's time to end our rulership of Shu: if you love something, let it go!;;;;;;;;;;;;x
gtfo_SIA_title;Grant Ayutthaya Independence;;;;;;;;;;;;x,,
gtfo_SIA_desc;We've had a good run, but it's time to end our rulership of Ayutthaya: if you love something, let it go!;;;;;;;;;;;;x
gtfo_SIN_title;Grant Sindh Independence;;;;;;;;;;;;x,,
gtfo_SIN_desc;We've had a good run, but it's time to end our rulership of Sindh: if you love something, let it go!;;;;;;;;;;;;x
gtfo_SKA_title;Grant Sakalava Independence;;;;;;;;;;;;x,,
gtfo_SKA_desc;We've had a good run, but it's time to end our rulership of Sakalava: if you love something, let it go!;;;;;;;;;;;;x
gtfo_SLN_title;Grant Sligo Independence;;;;;;;;;;;;x,,
gtfo_SLN_desc;We've had a good run, but it's time to end our rulership of Sligo: if you love something, let it go!;;;;;;;;;;;;x
gtfo_SLO_title;Grant Cilli Independence;;;;;;;;;;;;x,,
gtfo_SLO_desc;We've had a good run, but it's time to end our rulership of Cilli: if you love something, let it go!;;;;;;;;;;;;x
gtfo_SLV_title;Grant Nitra Independence;;;;;;;;;;;;x,,
gtfo_SLV_desc;We've had a good run, but it's time to end our rulership of Nitra: if you love something, let it go!;;;;;;;;;;;;x
gtfo_SMI_title;Grant Sapmi Independence;;;;;;;;;;;;x,,
gtfo_SMI_desc;We've had a good run, but it's time to end our rulership of Sapmi: if you love something, let it go!;;;;;;;;;;;;x
gtfo_SMO_title;Grant Samoa Independence;;;;;;;;;;;;x,,
gtfo_SMO_desc;We've had a good run, but it's time to end our rulership of Samoa: if you love something, let it go!;;;;;;;;;;;;x
gtfo_SOL_title;Grant Solon Independence;;;;;;;;;;;;x,,
gtfo_SOL_desc;We've had a good run, but it's time to end our rulership of Solon: if you love something, let it go!;;;;;;;;;;;;x
gtfo_SOM_title;Grant Somalia Independence;;;;;;;;;;;;x,,
gtfo_SOM_desc;We've had a good run, but it's time to end our rulership of Somalia: if you love something, let it go!;;;;;;;;;;;;x
gtfo_SPA_title;Grant Spain Independence;;;;;;;;;;;;x,,
gtfo_SPA_desc;We've had a good run, but it's time to end our rulership of Spain: if you love something, let it go!;;;;;;;;;;;;x
gtfo_SRD_title;Grant Sardinia Independence;;;;;;;;;;;;x,,
gtfo_SRD_desc;We've had a good run, but it's time to end our rulership of Sardinia: if you love something, let it go!;;;;;;;;;;;;x
gtfo_SRI_title;Grant Kotte Independence;;;;;;;;;;;;x,,
gtfo_SRI_desc;We've had a good run, but it's time to end our rulership of Kotte: if you love something, let it go!;;;;;;;;;;;;x
gtfo_SUL_title;Grant Sulu Independence;;;;;;;;;;;;x,,
gtfo_SUL_desc;We've had a good run, but it's time to end our rulership of Sulu: if you love something, let it go!;;;;;;;;;;;;x
gtfo_SUN_title;Grant Sunda Independence;;;;;;;;;;;;x,,
gtfo_SUN_desc;We've had a good run, but it's time to end our rulership of Sunda: if you love something, let it go!;;;;;;;;;;;;x
gtfo_SVY_title;Grant Savoy Independence;;;;;;;;;;;;x,,
gtfo_SVY_desc;We've had a good run, but it's time to end our rulership of Savoy: if you love something, let it go!;;;;;;;;;;;;x
gtfo_SWA_title;Grant Kilwa Independence;;;;;;;;;;;;x,,
gtfo_SWA_desc;We've had a good run, but it's time to end our rulership of Kilwa: if you love something, let it go!;;;;;;;;;;;;x
gtfo_SWE_title;Grant Sweden Independence;;;;;;;;;;;;x,,
gtfo_SWE_desc;We've had a good run, but it's time to end our rulership of Sweden: if you love something, let it go!;;;;;;;;;;;;x
gtfo_SWI_title;Grant Switzerland Independence;;;;;;;;;;;;x,,
gtfo_SWI_desc;We've had a good run, but it's time to end our rulership of Switzerland: if you love something, let it go!;;;;;;;;;;;;x
gtfo_SYC_title;Grant Sicily Independence;;;;;;;;;;;;x,,
gtfo_SYC_desc;We've had a good run, but it's time to end our rulership of Sicily: if you love something, let it go!;;;;;;;;;;;;x
gtfo_SYG_title;Grant Sarig Yogir Independence;;;;;;;;;;;;x,,
gtfo_SYG_desc;We've had a good run, but it's time to end our rulership of Sarig Yogir: if you love something, let it go!;;;;;;;;;;;;x
gtfo_SYR_title;Grant Syria Independence;;;;;;;;;;;;x,,
gtfo_SYR_desc;We've had a good run, but it's time to end our rulership of Syria: if you love something, let it go!;;;;;;;;;;;;x
gtfo_TAB_title;Grant Mazandaran Independence;;;;;;;;;;;;x,,
gtfo_TAB_desc;We've had a good run, but it's time to end our rulership of Mazandaran: if you love something, let it go!;;;;;;;;;;;;x
gtfo_TBZ_title;Grant Trebizond Independence;;;;;;;;;;;;x,,
gtfo_TBZ_desc;We've had a good run, but it's time to end our rulership of Trebizond: if you love something, let it go!;;;;;;;;;;;;x
gtfo_TDO_title;Grant Tondo Independence;;;;;;;;;;;;x,,
gtfo_TDO_desc;We've had a good run, but it's time to end our rulership of Tondo: if you love something, let it go!;;;;;;;;;;;;x
gtfo_TER_title;Grant Trier Independence;;;;;;;;;;;;x,,
gtfo_TER_desc;We've had a good run, but it's time to end our rulership of Trier: if you love something, let it go!;;;;;;;;;;;;x
gtfo_TEU_title;Grant Teutonic Order Independence;;;;;;;;;;;;x,,
gtfo_TEU_desc;We've had a good run, but it's time to end our rulership of Teutonic Order: if you love something, let it go!;;;;;;;;;;;;x
gtfo_TGA_title;Grant Tonga Independence;;;;;;;;;;;;x,,
gtfo_TGA_desc;We've had a good run, but it's time to end our rulership of Tonga: if you love something, let it go!;;;;;;;;;;;;x
gtfo_THU_title;Grant Thuringia Independence;;;;;;;;;;;;x,,
gtfo_THU_desc;We've had a good run, but it's time to end our rulership of Thuringia: if you love something, let it go!;;;;;;;;;;;;x
gtfo_TID_title;Grant Tidore Independence;;;;;;;;;;;;x,,
gtfo_TID_desc;We've had a good run, but it's time to end our rulership of Tidore: if you love something, let it go!;;;;;;;;;;;;x
gtfo_TIM_title;Grant Timurids Independence;;;;;;;;;;;;x,,
gtfo_TIM_desc;We've had a good run, but it's time to end our rulership of Timurids: if you love something, let it go!;;;;;;;;;;;;x
gtfo_TIW_title;Grant Tiwi Independence;;;;;;;;;;;;x,,
gtfo_TIW_desc;We've had a good run, but it's time to end our rulership of Tiwi: if you love something, let it go!;;;;;;;;;;;;x
gtfo_TLA_title;Grant Tlapanec Independence;;;;;;;;;;;;x,,
gtfo_TLA_desc;We've had a good run, but it's time to end our rulership of Tlapanec: if you love something, let it go!;;;;;;;;;;;;x
gtfo_TLC_title;Grant Tlemcen Independence;;;;;;;;;;;;x,,
gtfo_TLC_desc;We've had a good run, but it's time to end our rulership of Tlemcen: if you love something, let it go!;;;;;;;;;;;;x
gtfo_TLX_title;Grant Tlaxcala Independence;;;;;;;;;;;;x,,
gtfo_TLX_desc;We've had a good run, but it's time to end our rulership of Tlaxcala: if you love something, let it go!;;;;;;;;;;;;x
gtfo_TMB_title;Grant Timbuktu Independence;;;;;;;;;;;;x,,
gtfo_TMB_desc;We've had a good run, but it's time to end our rulership of Timbuktu: if you love something, let it go!;;;;;;;;;;;;x
gtfo_TOT_title;Grant Totonac Independence;;;;;;;;;;;;x,,
gtfo_TOT_desc;We've had a good run, but it's time to end our rulership of Totonac: if you love something, let it go!;;;;;;;;;;;;x
gtfo_TPQ_title;Grant Tupiniquim Independence;;;;;;;;;;;;x,,
gtfo_TPQ_desc;We've had a good run, but it's time to end our rulership of Tupiniquim: if you love something, let it go!;;;;;;;;;;;;x
gtfo_TRA_title;Grant Venad Independence;;;;;;;;;;;;x,,
gtfo_TRA_desc;We've had a good run, but it's time to end our rulership of Venad: if you love something, let it go!;;;;;;;;;;;;x
gtfo_TRS_title;Grant Tarascan Independence;;;;;;;;;;;;x,,
gtfo_TRS_desc;We've had a good run, but it's time to end our rulership of Tarascan: if you love something, let it go!;;;;;;;;;;;;x
gtfo_TRT_title;Grant Tirhut Independence;;;;;;;;;;;;x,,
gtfo_TRT_desc;We've had a good run, but it's time to end our rulership of Tirhut: if you love something, let it go!;;;;;;;;;;;;x
gtfo_TRX_title;Grant Transoxiana Independence;;;;;;;;;;;;x,,
gtfo_TRX_desc;We've had a good run, but it's time to end our rulership of Transoxiana: if you love something, let it go!;;;;;;;;;;;;x
gtfo_TTE_title;Grant Ternate Independence;;;;;;;;;;;;x,,
gtfo_TTE_desc;We've had a good run, but it's time to end our rulership of Ternate: if you love something, let it go!;;;;;;;;;;;;x
gtfo_TTL_title;Grant Three Leagues Independence;;;;;;;;;;;;x,,
gtfo_TTL_desc;We've had a good run, but it's time to end our rulership of Three Leagues: if you love something, let it go!;;;;;;;;;;;;x
gtfo_TUA_title;Grant Tapuia Independence;;;;;;;;;;;;x,,
gtfo_TUA_desc;We've had a good run, but it's time to end our rulership of Tapuia: if you love something, let it go!;;;;;;;;;;;;x
gtfo_TUN_title;Grant Tunis Independence;;;;;;;;;;;;x,,
gtfo_TUN_desc;We've had a good run, but it's time to end our rulership of Tunis: if you love something, let it go!;;;;;;;;;;;;x
gtfo_TUR_title;Grant Ottomans Independence;;;;;;;;;;;;x,,
gtfo_TUR_desc;We've had a good run, but it's time to end our rulership of Ottomans: if you love something, let it go!;;;;;;;;;;;;x
gtfo_TYR_title;Grant Ulster Independence;;;;;;;;;;;;x,,
gtfo_TYR_desc;We've had a good run, but it's time to end our rulership of Ulster: if you love something, let it go!;;;;;;;;;;;;x
gtfo_UBH_title;Grant Buha Independence;;;;;;;;;;;;x,,
gtfo_UBH_desc;We've had a good run, but it's time to end our rulership of Buha: if you love something, let it go!;;;;;;;;;;;;x
gtfo_ULM_title;Grant Ulm Independence;;;;;;;;;;;;x,,
gtfo_ULM_desc;We've had a good run, but it's time to end our rulership of Ulm: if you love something, let it go!;;;;;;;;;;;;x
gtfo_USA_title;Grant United States Independence;;;;;;;;;;;;x,,
gtfo_USA_desc;We've had a good run, but it's time to end our rulership of United States: if you love something, let it go!;;;;;;;;;;;;x
gtfo_UTR_title;Grant Utrecht Independence;;;;;;;;;;;;x,,
gtfo_UTR_desc;We've had a good run, but it's time to end our rulership of Utrecht: if you love something, let it go!;;;;;;;;;;;;x
gtfo_UTS_title;Grant Tsang Independence;;;;;;;;;;;;x,,
gtfo_UTS_desc;We've had a good run, but it's time to end our rulership of Tsang: if you love something, let it go!;;;;;;;;;;;;x
gtfo_VEN_title;Grant Venice Independence;;;;;;;;;;;;x,,
gtfo_VEN_desc;We've had a good run, but it's time to end our rulership of Venice: if you love something, let it go!;;;;;;;;;;;;x
gtfo_VER_title;Grant Verden Independence;;;;;;;;;;;;x,,
gtfo_VER_desc;We've had a good run, but it's time to end our rulership of Verden: if you love something, let it go!;;;;;;;;;;;;x
gtfo_VIJ_title;Grant Vijayanagar Independence;;;;;;;;;;;;x,,
gtfo_VIJ_desc;We've had a good run, but it's time to end our rulership of Vijayanagar: if you love something, let it go!;;;;;;;;;;;;x
gtfo_WAD_title;Grant Wadai Independence;;;;;;;;;;;;x,,
gtfo_WAD_desc;We've had a good run, but it's time to end our rulership of Wadai: if you love something, let it go!;;;;;;;;;;;;x
gtfo_WAM_title;Grant Wampanoag Independence;;;;;;;;;;;;x,,
gtfo_WAM_desc;We've had a good run, but it's time to end our rulership of Wampanoag: if you love something, let it go!;;;;;;;;;;;;x
gtfo_WBG_title;Grant Wurzburg Independence;;;;;;;;;;;;x,,
gtfo_WBG_desc;We've had a good run, but it's time to end our rulership of Wurzburg: if you love something, let it go!;;;;;;;;;;;;x
gtfo_WHA_title;Grant Wales Independence;;;;;;;;;;;;x,,
gtfo_WHA_desc;We've had a good run, but it's time to end our rulership of Wales: if you love something, let it go!;;;;;;;;;;;;x
gtfo_WIC_title;Grant Wichita Independence;;;;;;;;;;;;x,,
gtfo_WIC_desc;We've had a good run, but it's time to end our rulership of Wichita: if you love something, let it go!;;;;;;;;;;;;x
gtfo_WOL_title;Grant Jolof Independence;;;;;;;;;;;;x,,
gtfo_WOL_desc;We've had a good run, but it's time to end our rulership of Jolof: if you love something, let it go!;;;;;;;;;;;;x
gtfo_X00_title;Grant Beja Independence;;;;;;;;;;;;x,,
gtfo_X00_desc;We've had a good run, but it's time to end our rulership of Beja: if you love something, let it go!;;;;;;;;;;;;x
gtfo_X01_title;Grant Bologna Independence;;;;;;;;;;;;x,,
gtfo_X01_desc;We've had a good run, but it's time to end our rulership of Bologna: if you love something, let it go!;;;;;;;;;;;;x
gtfo_X02_title;Grant Caucasia Independence;;;;;;;;;;;;x,,
gtfo_X02_desc;We've had a good run, but it's time to end our rulership of Caucasia: if you love something, let it go!;;;;;;;;;;;;x
gtfo_X03_title;Grant Franconia Independence;;;;;;;;;;;;x,,
gtfo_X03_desc;We've had a good run, but it's time to end our rulership of Franconia: if you love something, let it go!;;;;;;;;;;;;x
gtfo_X04_title;Grant Fars Independence;;;;;;;;;;;;x,,
gtfo_X04_desc;We've had a good run, but it's time to end our rulership of Fars: if you love something, let it go!;;;;;;;;;;;;x
gtfo_X05_title;Grant Karelia Independence;;;;;;;;;;;;x,,
gtfo_X05_desc;We've had a good run, but it's time to end our rulership of Karelia: if you love something, let it go!;;;;;;;;;;;;x
gtfo_X06_title;Grant León Independence;;;;;;;;;;;;x,,
gtfo_X06_desc;We've had a good run, but it's time to end our rulership of León: if you love something, let it go!;;;;;;;;;;;;x
gtfo_X07_title;Grant Luristan Independence;;;;;;;;;;;;x,,
gtfo_X07_desc;We've had a good run, but it's time to end our rulership of Luristan: if you love something, let it go!;;;;;;;;;;;;x
gtfo_X08_title;Grant Livonia Independence;;;;;;;;;;;;x,,
gtfo_X08_desc;We've had a good run, but it's time to end our rulership of Livonia: if you love something, let it go!;;;;;;;;;;;;x
gtfo_X09_title;Grant Majorca Independence;;;;;;;;;;;;x,,
gtfo_X09_desc;We've had a good run, but it's time to end our rulership of Majorca: if you love something, let it go!;;;;;;;;;;;;x
gtfo_X10_title;Grant Sistan Independence;;;;;;;;;;;;x,,
gtfo_X10_desc;We've had a good run, but it's time to end our rulership of Sistan: if you love something, let it go!;;;;;;;;;;;;x
gtfo_X11_title;Grant Soest Independence;;;;;;;;;;;;x,,
gtfo_X11_desc;We've had a good run, but it's time to end our rulership of Soest: if you love something, let it go!;;;;;;;;;;;;x
gtfo_X12_title;Grant Saluzzo Independence;;;;;;;;;;;;x,,
gtfo_X12_desc;We've had a good run, but it's time to end our rulership of Saluzzo: if you love something, let it go!;;;;;;;;;;;;x
gtfo_X13_title;Grant Dutch Colombia Independence;;;;;;;;;;;;x,,
gtfo_X13_desc;We've had a good run, but it's time to end our rulership of Dutch Colombia: if you love something, let it go!;;;;;;;;;;;;x
gtfo_X14_title;Grant Dutch Brazil Independence;;;;;;;;;;;;x,,
gtfo_X14_desc;We've had a good run, but it's time to end our rulership of Dutch Brazil: if you love something, let it go!;;;;;;;;;;;;x
gtfo_X15_title;Grant French Colombia Independence;;;;;;;;;;;;x,,
gtfo_X15_desc;We've had a good run, but it's time to end our rulership of French Colombia: if you love something, let it go!;;;;;;;;;;;;x
gtfo_XAL_title;Grant Xalisco Independence;;;;;;;;;;;;x,,
gtfo_XAL_desc;We've had a good run, but it's time to end our rulership of Xalisco: if you love something, let it go!;;;;;;;;;;;;x
gtfo_XIU_title;Grant Xiu Independence;;;;;;;;;;;;x,,
gtfo_XIU_desc;We've had a good run, but it's time to end our rulership of Xiu: if you love something, let it go!;;;;;;;;;;;;x
gtfo_XMA_title;Grant Madurai Independence;;;;;;;;;;;;x,,
gtfo_XMA_desc;We've had a good run, but it's time to end our rulership of Madurai: if you love something, let it go!;;;;;;;;;;;;x
gtfo_YAN_title;Grant Yan Independence;;;;;;;;;;;;x,,
gtfo_YAN_desc;We've had a good run, but it's time to end our rulership of Yan: if you love something, let it go!;;;;;;;;;;;;x
gtfo_YAS_title;Grant Yas Independence;;;;;;;;;;;;x,,
gtfo_YAS_desc;We've had a good run, but it's time to end our rulership of Yas: if you love something, let it go!;;;;;;;;;;;;x
gtfo_YAT_title;Grant Yatenga Independence;;;;;;;;;;;;x,,
gtfo_YAT_desc;We've had a good run, but it's time to end our rulership of Yatenga: if you love something, let it go!;;;;;;;;;;;;x
gtfo_YKA_title;Grant Yaka Independence;;;;;;;;;;;;x,,
gtfo_YKA_desc;We've had a good run, but it's time to end our rulership of Yaka: if you love something, let it go!;;;;;;;;;;;;x
gtfo_YKT_title;Grant Yokuts Independence;;;;;;;;;;;;x,,
gtfo_YKT_desc;We've had a good run, but it's time to end our rulership of Yokuts: if you love something, let it go!;;;;;;;;;;;;x
gtfo_YOK_title;Grant Yokotan Independence;;;;;;;;;;;;x,,
gtfo_YOK_desc;We've had a good run, but it's time to end our rulership of Yokotan: if you love something, let it go!;;;;;;;;;;;;x
gtfo_YRK_title;Grant Yarkand Independence;;;;;;;;;;;;x,,
gtfo_YRK_desc;We've had a good run, but it's time to end our rulership of Yarkand: if you love something, let it go!;;;;;;;;;;;;x
gtfo_ZAP_title;Grant Zapotec Independence;;;;;;;;;;;;x,,
gtfo_ZAP_desc;We've had a good run, but it's time to end our rulership of Zapotec: if you love something, let it go!;;;;;;;;;;;;x
gtfo_ZIM_title;Grant Mutapa Independence;;;;;;;;;;;;x,,
gtfo_ZIM_desc;We've had a good run, but it's time to end our rulership of Mutapa: if you love something, let it go!;;;;;;;;;;;;x
gtfo_ZNI_title;Grant Zuni Independence;;;;;;;;;;;;x,,
gtfo_ZNI_desc;We've had a good run, but it's time to end our rulership of Zuni: if you love something, let it go!;;;;;;;;;;;;x
gtfo_ZUL_title;Grant Zulu Independence;;;;;;;;;;;;x,,
gtfo_ZUL_desc;We've had a good run, but it's time to end our rulership of Zulu: if you love something, let it go!;;;;;;;;;;;;x
gtfo_ZUN_title;Grant Dzungar Independence;;;;;;;;;;;;x,,
gtfo_ZUN_desc;We've had a good run, but it's time to end our rulership of Dzungar: if you love something, let it go!;;;;;;;;;;;;x
